case,element,tip_size_in,global_size_in,nodes,elements,nominal_pressure_peak_psi,youngs_modulus_psi,pressure_table_points,nlgeom,probe_s1_psi,probe_vm_psi,probe_u_in
advanced_20261008_doe_E1p7500,SOLID187,0.001,0.01,34461,22199,7500.0,8000000.0,81,True,286.25434529280835,6707.023688574029,0.0005435777761034588
advanced_20261008_doe_E1p10000,SOLID187,0.001,0.01,34461,22199,10000.0,8000000.0,81,True,383.10363796939544,8942.80652168787,0.0007249180913032418
advanced_20261008_doe_E1p12500,SOLID187,0.001,0.01,34461,22199,12500.0,8000000.0,81,True,481.1628243417887,11178.738813732125,0.0009063499270078521
advanced_20261008_doe_E2p7500,SOLID187,0.001,0.01,34461,22199,7500.0,10000000.0,81,True,285.75281141849644,6707.007134373445,0.0004348131142407743
advanced_20261008_doe_E2p10000,SOLID187,0.001,0.01,34461,22199,10000.0,10000000.0,81,True,381.9270351867673,8942.7130536297,0.0005798390253356863
advanced_20261008_doe_E2p12500,SOLID187,0.001,0.01,34461,22199,12500.0,10000000.0,81,True,478.87955408641653,11178.50814875929,0.0007249180913032418
advanced_20261008_doe_E3p7500,SOLID187,0.001,0.01,34461,22199,7500.0,12000000.0,81,True,285.4778908990436,6707.011002202342,0.0003623183964812747
advanced_20261008_doe_E3p10000,SOLID187,0.001,0.01,34461,22199,10000.0,12000000.0,81,True,381.28334430583,8942.681665891603,0.00048314951327287005
advanced_20261008_doe_E3p12500,SOLID187,0.001,0.01,34461,22199,12500.0,12000000.0,81,True,477.6319465598741,11178.406207119573,0.0006040150319371598
