local_x_in,pressure_psi
0.000000000000000000e+00,0.000000000000000000e+00
6.874999999999999601e-04,3.925981575906860144e+02
1.374999999999999920e-03,7.845909572784493093e+02
2.062500000000000097e-03,1.175373974578376419e+03
2.749999999999999840e-03,1.564344650402308389e+03
3.437499999999999584e-03,1.950903220161282206e+03
4.125000000000000194e-03,2.334453638559054070e+03
4.812499999999999938e-03,2.714404498650742426e+03
5.499999999999999681e-03,3.090169943749473532e+03
6.187499999999999424e-03,3.461170570774929274e+03
6.874999999999999167e-03,3.826834323650897204e+03
7.562499999999999778e-03,4.186597375374281000e+03
8.250000000000000389e-03,4.539904997395467944e+03
8.937499999999999264e-03,4.886212414969549172e+03
9.624999999999999875e-03,5.224985647159487598e+03
1.031249999999999875e-02,5.555702330196021649e+03
1.099999999999999936e-02,5.877852522924730692e+03
1.168749999999999997e-02,6.190939493098339881e+03
1.237499999999999885e-02,6.494480483301835193e+03
1.306249999999999946e-02,6.788007455329417098e+03
1.374999999999999833e-02,7.071067811865475051e+03
1.443749999999999895e-02,7.343225094356854243e+03
1.512499999999999956e-02,7.604059656000309587e+03
1.581250000000000017e-02,7.853169308807449852e+03
1.650000000000000078e-02,8.090169943749474442e+03
1.718749999999999792e-02,8.314696123025451016e+03
1.787499999999999853e-02,8.526401643540921214e+03
1.856249999999999914e-02,8.724960070727971470e+03
1.924999999999999975e-02,8.910065241883678027e+03
1.993750000000000036e-02,9.081431738250812487e+03
2.062499999999999750e-02,9.238795325112867431e+03
2.131249999999999811e-02,9.381913359224841770e+03
2.199999999999999872e-02,9.510565162951535967e+03
2.268749999999999933e-02,9.624552364536471941e+03
2.337499999999999994e-02,9.723699203976764693e+03
2.406249999999999709e-02,9.807852804032303538e+03
2.474999999999999770e-02,9.876883405951377426e+03
2.543749999999999831e-02,9.930684569549262960e+03
2.612499999999999892e-02,9.969173337331279981e+03
2.681249999999999953e-02,9.992290362407229622e+03
2.749999999999999667e-02,1.000000000000000000e+04
2.818749999999999728e-02,9.992290362407229622e+03
2.887499999999999789e-02,9.969173337331279981e+03
2.956249999999999850e-02,9.930684569549262960e+03
3.024999999999999911e-02,9.876883405951377426e+03
3.093749999999999972e-02,9.807852804032303538e+03
3.162500000000000033e-02,9.723699203976766512e+03
3.231250000000000094e-02,9.624552364536471941e+03
3.300000000000000155e-02,9.510565162951535967e+03
3.368749999999999523e-02,9.381913359224843589e+03
3.437499999999999584e-02,9.238795325112869250e+03
3.506249999999999645e-02,9.081431738250814306e+03
3.574999999999999706e-02,8.910065241883679846e+03
3.643749999999999767e-02,8.724960070727973289e+03
3.712499999999999828e-02,8.526401643540923033e+03
3.781249999999999889e-02,8.314696123025452835e+03
3.849999999999999950e-02,8.090169943749474442e+03
3.918750000000000011e-02,7.853169308807448033e+03
3.987500000000000072e-02,7.604059656000309587e+03
4.056249999999999439e-02,7.343225094356856971e+03
4.124999999999999500e-02,7.071067811865475960e+03
4.193749999999999561e-02,6.788007455329419827e+03
4.262499999999999623e-02,6.494480483301837921e+03
4.331249999999999684e-02,6.190939493098338971e+03
4.399999999999999745e-02,5.877852522924736149e+03
4.468749999999999806e-02,5.555702330196025287e+03
4.537499999999999867e-02,5.224985647159493965e+03
4.606249999999999928e-02,4.886212414969552810e+03
4.674999999999999989e-02,4.539904997395468854e+03
4.743750000000000050e-02,4.186597375374280091e+03
4.812499999999999417e-02,3.826834323650902661e+03
4.881249999999999478e-02,3.461170570774932912e+03
4.949999999999999539e-02,3.090169943749479444e+03
5.018749999999999600e-02,2.714404498650746064e+03
5.087499999999999661e-02,2.334453638559055435e+03
5.156249999999999722e-02,1.950903220161286072e+03
5.224999999999999784e-02,1.564344650402309753e+03
5.293749999999999845e-02,1.175373974578375510e+03
5.362499999999999906e-02,7.845909572784551074e+02
5.431249999999999967e-02,3.925981575906894818e+02
5.500000000000000028e-02,1.224646799147353299e-12
