case,converged,element,elements,end_to_end_seconds,geometry_sha256,global_size_in,loaded_nodes,mapdl_version,max_s1_psi,max_seqv_psi,max_u_in,mesh_snapshot_in_repository,nlgeom,node_max_s1,node_max_seqv,nodes,nominal_pressure_peak_psi,poissons_ratio,pressure_length_in,pressure_table_points,pymapdl_version,reference,run_directory,sampled_pressure_peak_psi,solution_validation,solve_pipeline_seconds,status,study,tip_size_in,units,vm_p95_psi,youngs_modulus_psi
advanced_20261008_dense_mesh_h4,True,SOLID187,8486,7.780155699991155,3224b465091948b2f9bd2d3bd41f8564f0c313fa5ac38920481f17551fa39553,0.014,1361,26.1,13581.447819825358,11626.096136678269,0.0006238094192775427,False,True,106,106,13936,10000,0.27,0.055,81,0.74.1,https://mapdl.docs.pyansys.com/version/stable/examples/gallery_examples/00-mapdl-examples/lathe_cutter.html,evidence/cases/advanced_20261008_dense_mesh_h4,10000.0,nonlinear CNVG plus finite results,1.4074337999918498,solved,dense_mesh,0.0014,"{'length': 'in', 'stress': 'psi'}",4527.209001854874,10000000.0
advanced_20261008_dense_mesh_h5,True,SOLID187,22199,9.652820500021335,3224b465091948b2f9bd2d3bd41f8564f0c313fa5ac38920481f17551fa39553,0.01,2555,26.1,15836.938165172662,13321.43489935538,0.0006250033250014881,False,True,144,144,34461,10000,0.27,0.055,81,0.74.1,https://mapdl.docs.pyansys.com/version/stable/examples/gallery_examples/00-mapdl-examples/lathe_cutter.html,evidence/cases/advanced_20261008_dense_mesh_h5,10000.0,nonlinear CNVG plus finite results,3.988421300018672,solved,dense_mesh,0.001,"{'length': 'in', 'stress': 'psi'}",4093.1194604174216,10000000.0
advanced_20261008_dense_mesh_h6,True,SOLID187,63171,22.30249809997622,3224b465091948b2f9bd2d3bd41f8564f0c313fa5ac38920481f17551fa39553,0.007,5249,26.1,18879.271274593793,16137.82926492334,0.0006259035974413839,True,True,206,206,93841,10000,0.27,0.055,81,0.74.1,https://mapdl.docs.pyansys.com/version/stable/examples/gallery_examples/00-mapdl-examples/lathe_cutter.html,evidence/cases/advanced_20261008_dense_mesh_h6,10000.0,nonlinear CNVG plus finite results,15.270326199999545,solved,dense_mesh,0.0007,"{'length': 'in', 'stress': 'psi'}",4074.244263536919,10000000.0
advanced_20261008_doe_E1p7500,True,SOLID187,22199,9.576369900023565,3224b465091948b2f9bd2d3bd41f8564f0c313fa5ac38920481f17551fa39553,0.01,2555,26.1,11878.759838939806,9991.929802380615,0.0005859164927960047,False,True,144,144,34461,7500.0,0.27,0.055,81,0.74.1,https://mapdl.docs.pyansys.com/version/stable/examples/gallery_examples/00-mapdl-examples/lathe_cutter.html,evidence/cases/advanced_20261008_doe_E1p7500,7500.0,nonlinear CNVG plus finite results,3.9442994999699295,solved,doe,0.001,"{'length': 'in', 'stress': 'psi'}",3069.5051634346723,8000000.0
advanced_20261008_doe_E1p10000,True,SOLID187,22199,9.658497099997476,3224b465091948b2f9bd2d3bd41f8564f0c313fa5ac38920481f17551fa39553,0.01,2555,26.1,15831.409084009274,13316.972045862407,0.0007813891593883074,False,True,144,144,34461,10000.0,0.27,0.055,81,0.74.1,https://mapdl.docs.pyansys.com/version/stable/examples/gallery_examples/00-mapdl-examples/lathe_cutter.html,evidence/cases/advanced_20261008_doe_E1p10000,10000.0,nonlinear CNVG plus finite results,3.972076899954118,solved,doe,0.001,"{'length': 'in', 'stress': 'psi'}",4094.624952406871,8000000.0
advanced_20261008_doe_E1p12500,True,SOLID187,22199,9.620681899948977,3224b465091948b2f9bd2d3bd41f8564f0c313fa5ac38920481f17551fa39553,0.01,2555,26.1,19780.90941121324,16639.48945730318,0.0009769652239641495,False,True,144,144,34461,12500.0,0.27,0.055,81,0.74.1,https://mapdl.docs.pyansys.com/version/stable/examples/gallery_examples/00-mapdl-examples/lathe_cutter.html,evidence/cases/advanced_20261008_doe_E1p12500,12500.0,nonlinear CNVG plus finite results,4.014852299995255,solved,doe,0.001,"{'length': 'in', 'stress': 'psi'}",5118.907716310056,8000000.0
advanced_20261008_doe_E2p7500,True,SOLID187,22199,9.583270300005097,3224b465091948b2f9bd2d3bd41f8564f0c313fa5ac38920481f17551fa39553,0.01,2555,26.1,11881.973036939276,9994.52902507419,0.00046867757809672346,False,True,144,144,34461,7500.0,0.27,0.055,81,0.74.1,https://mapdl.docs.pyansys.com/version/stable/examples/gallery_examples/00-mapdl-examples/lathe_cutter.html,evidence/cases/advanced_20261008_doe_E2p7500,7500.0,nonlinear CNVG plus finite results,3.9186945000546984,solved,doe,0.001,"{'length': 'in', 'stress': 'psi'}",3068.0716680933415,10000000.0
advanced_20261008_doe_E2p10000,True,SOLID187,22199,9.641361799964216,3224b465091948b2f9bd2d3bd41f8564f0c313fa5ac38920481f17551fa39553,0.01,2555,26.1,15836.938165172662,13321.43489935538,0.0006250033250014886,False,True,144,144,34461,10000.0,0.27,0.055,81,0.74.1,https://mapdl.docs.pyansys.com/version/stable/examples/gallery_examples/00-mapdl-examples/lathe_cutter.html,evidence/cases/advanced_20261008_doe_E2p10000,10000.0,nonlinear CNVG plus finite results,3.9797925999737345,solved,doe,0.001,"{'length': 'in', 'stress': 'psi'}",4093.1194604174216,10000000.0
advanced_20261008_doe_E2p12500,True,SOLID187,22199,9.614188599982299,3224b465091948b2f9bd2d3bd41f8564f0c313fa5ac38920481f17551fa39553,0.01,2555,26.1,19789.261781165285,16646.21546950253,0.0007813891593883071,False,True,144,144,34461,12500.0,0.27,0.055,81,0.74.1,https://mapdl.docs.pyansys.com/version/stable/examples/gallery_examples/00-mapdl-examples/lathe_cutter.html,evidence/cases/advanced_20261008_doe_E2p12500,12500.0,nonlinear CNVG plus finite results,3.9466176999849267,solved,doe,0.001,"{'length': 'in', 'stress': 'psi'}",5118.281131065573,10000000.0
advanced_20261008_doe_E3p7500,True,SOLID187,22199,9.62113089999184,3224b465091948b2f9bd2d3bd41f8564f0c313fa5ac38920481f17551fa39553,0.01,2555,26.1,11884.153635093066,9996.295028937666,0.00039053533573954214,False,True,144,144,34461,7500.0,0.27,0.055,81,0.74.1,https://mapdl.docs.pyansys.com/version/stable/examples/gallery_examples/00-mapdl-examples/lathe_cutter.html,evidence/cases/advanced_20261008_doe_E3p7500,7500.0,nonlinear CNVG plus finite results,3.953237399982754,solved,doe,0.001,"{'length': 'in', 'stress': 'psi'}",3067.1294657957874,12000000.0
advanced_20261008_doe_E3p10000,True,SOLID187,22199,9.660990000003949,3224b465091948b2f9bd2d3bd41f8564f0c313fa5ac38920481f17551fa39553,0.01,2555,26.1,15840.715249557366,13324.48863332138,0.0005207798596640529,False,True,144,144,34461,10000.0,0.27,0.055,81,0.74.1,https://mapdl.docs.pyansys.com/version/stable/examples/gallery_examples/00-mapdl-examples/lathe_cutter.html,evidence/cases/advanced_20261008_doe_E3p10000,10000.0,nonlinear CNVG plus finite results,4.034637700009625,solved,doe,0.001,"{'length': 'in', 'stress': 'psi'}",4091.6076819281607,12000000.0
advanced_20261008_doe_E3p12500,True,SOLID187,22199,9.66108130000066,3224b465091948b2f9bd2d3bd41f8564f0c313fa5ac38920481f17551fa39553,0.01,2555,26.1,19795.007174215192,16650.852134177614,0.0006510632936354531,False,True,144,144,34461,12500.0,0.27,0.055,81,0.74.1,https://mapdl.docs.pyansys.com/version/stable/examples/gallery_examples/00-mapdl-examples/lathe_cutter.html,evidence/cases/advanced_20261008_doe_E3p12500,12500.0,nonlinear CNVG plus finite results,3.9847241999814287,solved,doe,0.001,"{'length': 'in', 'stress': 'psi'}",5116.495090644359,12000000.0
advanced_20261008_element_285_1,True,SOLID285,4649,5.499493099981919,3224b465091948b2f9bd2d3bd41f8564f0c313fa5ac38920481f17551fa39553,,72,26.1,6495.168696721264,8815.42775095926,0.0005256101851388688,False,True,416,469,1175,10000,0.27,0.055,10,0.74.1,https://mapdl.docs.pyansys.com/version/stable/examples/gallery_examples/00-mapdl-examples/lathe_cutter.html,evidence/cases/advanced_20261008_element_285_1,9848.07753012208,,0.5290834999759682,solved,element,0.0035,"{'length': 'in', 'stress': 'psi'}",5752.920450852965,10000000.0
advanced_20261008_element_285_2,True,SOLID285,4863,5.536523600050714,3224b465091948b2f9bd2d3bd41f8564f0c313fa5ac38920481f17551fa39553,,119,26.1,7172.282031267323,9152.575067735645,0.00052757223158072,False,True,419,716,1248,10000,0.27,0.055,10,0.74.1,https://mapdl.docs.pyansys.com/version/stable/examples/gallery_examples/00-mapdl-examples/lathe_cutter.html,evidence/cases/advanced_20261008_element_285_2,9848.07753012208,,0.5388912999769673,solved,element,0.0025,"{'length': 'in', 'stress': 'psi'}",6565.351110807919,10000000.0
advanced_20261008_element_285_3,True,SOLID285,5342,5.5400964000145905,3224b465091948b2f9bd2d3bd41f8564f0c313fa5ac38920481f17551fa39553,,219,26.1,6502.020192519447,9085.663725948469,0.0005265776714794068,False,True,86,538,1400,10000,0.27,0.055,10,0.74.1,https://mapdl.docs.pyansys.com/version/stable/examples/gallery_examples/00-mapdl-examples/lathe_cutter.html,evidence/cases/advanced_20261008_element_285_3,9848.07753012208,,0.5831437999731861,solved,element,0.0018,"{'length': 'in', 'stress': 'psi'}",7416.8495036367685,10000000.0
advanced_20261008_element_187_1,True,SOLID187,2845,5.531317199987825,3224b465091948b2f9bd2d3bd41f8564f0c313fa5ac38920481f17551fa39553,,247,26.1,8803.993907947628,10494.179959819221,0.0006095670530558847,False,True,135,1169,4897,10000,0.27,0.055,10,0.74.1,https://mapdl.docs.pyansys.com/version/stable/examples/gallery_examples/00-mapdl-examples/lathe_cutter.html,evidence/cases/advanced_20261008_element_187_1,9848.07753012208,,0.5664483000291511,solved,element,0.0035,"{'length': 'in', 'stress': 'psi'}",3865.0254895925573,10000000.0
advanced_20261008_element_187_2,True,SOLID187,3115,5.565754199982621,3224b465091948b2f9bd2d3bd41f8564f0c313fa5ac38920481f17551fa39553,,421,26.1,8858.527279521553,10084.004111679174,0.0006107222861338811,False,True,1019,1269,5402,10000,0.27,0.055,10,0.74.1,https://mapdl.docs.pyansys.com/version/stable/examples/gallery_examples/00-mapdl-examples/lathe_cutter.html,evidence/cases/advanced_20261008_element_187_2,9848.07753012208,,0.620164800027851,solved,element,0.0025,"{'length': 'in', 'stress': 'psi'}",4201.03626526238,10000000.0
advanced_20261008_element_187_3,True,SOLID187,3606,5.817700700019486,3224b465091948b2f9bd2d3bd41f8564f0c313fa5ac38920481f17551fa39553,,799,26.1,8643.968560029462,10103.749983847092,0.000611068415963218,False,True,1092,1399,6323,10000,0.27,0.055,10,0.74.1,https://mapdl.docs.pyansys.com/version/stable/examples/gallery_examples/00-mapdl-examples/lathe_cutter.html,evidence/cases/advanced_20261008_element_187_3,9848.07753012208,,0.6885509999701753,solved,element,0.0018,"{'length': 'in', 'stress': 'psi'}",4723.4777964226705,10000000.0
advanced_20261008_global_187_h1,True,SOLID187,602,5.521405800012872,3224b465091948b2f9bd2d3bd41f8564f0c313fa5ac38920481f17551fa39553,0.04,147,26.1,8374.583191892312,10276.365108056987,0.000598942144556956,False,True,38,447,1288,10000,0.27,0.055,10,0.74.1,https://mapdl.docs.pyansys.com/version/stable/examples/gallery_examples/00-mapdl-examples/lathe_cutter.html,evidence/cases/advanced_20261008_global_187_h1,9848.07753012208,,0.33168409997597337,solved,global_187,0.004,"{'length': 'in', 'stress': 'psi'}",5381.968399028865,10000000.0
advanced_20261008_global_187_h2,True,SOLID187,1610,5.46373630000744,3224b465091948b2f9bd2d3bd41f8564f0c313fa5ac38920481f17551fa39553,0.028,353,26.1,9036.025030029525,10541.179894734894,0.0006108484398208298,False,True,54,768,3018,10000,0.27,0.055,10,0.74.1,https://mapdl.docs.pyansys.com/version/stable/examples/gallery_examples/00-mapdl-examples/lathe_cutter.html,evidence/cases/advanced_20261008_global_187_h2,9848.07753012208,,0.4011746000032872,solved,global_187,0.0028,"{'length': 'in', 'stress': 'psi'}",4934.098039535372,10000000.0
advanced_20261008_global_187_h3,True,SOLID187,3338,5.6966468000318855,3224b465091948b2f9bd2d3bd41f8564f0c313fa5ac38920481f17551fa39553,0.02,739,26.1,11052.497710388936,10202.70758688542,0.0006153761035300474,False,True,74,1124,5913,10000,0.27,0.055,10,0.74.1,https://mapdl.docs.pyansys.com/version/stable/examples/gallery_examples/00-mapdl-examples/lathe_cutter.html,evidence/cases/advanced_20261008_global_187_h3,9848.07753012208,,0.6579685999895446,solved,global_187,0.002,"{'length': 'in', 'stress': 'psi'}",4788.99370100049,10000000.0
advanced_20261008_global_187_h4,True,SOLID187,8486,7.573108599986881,3224b465091948b2f9bd2d3bd41f8564f0c313fa5ac38920481f17551fa39553,0.014,1361,26.1,13444.740652892106,11509.067574460987,0.0006175053759438673,False,True,106,106,13936,10000,0.27,0.055,10,0.74.1,https://mapdl.docs.pyansys.com/version/stable/examples/gallery_examples/00-mapdl-examples/lathe_cutter.html,evidence/cases/advanced_20261008_global_187_h4,9848.07753012208,,1.477611300011631,solved,global_187,0.0014,"{'length': 'in', 'stress': 'psi'}",4481.523651726145,10000000.0
advanced_20261008_global_187_h5,True,SOLID187,22199,9.599172800022643,3224b465091948b2f9bd2d3bd41f8564f0c313fa5ac38920481f17551fa39553,0.01,2555,26.1,15678.071513867286,13187.794960125391,0.0006187081557006279,False,True,144,144,34461,10000,0.27,0.055,10,0.74.1,https://mapdl.docs.pyansys.com/version/stable/examples/gallery_examples/00-mapdl-examples/lathe_cutter.html,evidence/cases/advanced_20261008_global_187_h5,9848.07753012208,,4.002653700008523,solved,global_187,0.001,"{'length': 'in', 'stress': 'psi'}",4046.770803560398,10000000.0
advanced_20261008_global_187_h6,True,SOLID187,63171,23.75949710002169,3224b465091948b2f9bd2d3bd41f8564f0c313fa5ac38920481f17551fa39553,0.007,5249,26.1,18689.813445785458,15975.894819081828,0.0006195987200623317,False,True,206,206,93841,10000,0.27,0.055,10,0.74.1,https://mapdl.docs.pyansys.com/version/stable/examples/gallery_examples/00-mapdl-examples/lathe_cutter.html,evidence/cases/advanced_20261008_global_187_h6,9848.07753012208,,15.4456504000118,solved,global_187,0.0007,"{'length': 'in', 'stress': 'psi'}",4033.9874855018725,10000000.0
advanced_20261008_global_285_h1,True,SOLID285,602,5.484733599994797,3224b465091948b2f9bd2d3bd41f8564f0c313fa5ac38920481f17551fa39553,0.04,46,26.1,3622.6195845970765,8449.10987323372,0.00045035937502061336,False,True,1,209,234,10000,0.27,0.055,10,0.74.1,https://mapdl.docs.pyansys.com/version/stable/examples/gallery_examples/00-mapdl-examples/lathe_cutter.html,evidence/cases/advanced_20261008_global_285_h1,9848.07753012208,,0.2567740999511443,solved,global_285,0.004,"{'length': 'in', 'stress': 'psi'}",7390.378794804953,10000000.0
advanced_20261008_global_285_h2,True,SOLID285,1610,5.475749099976383,3224b465091948b2f9bd2d3bd41f8564f0c313fa5ac38920481f17551fa39553,0.028,101,26.1,5667.029857599376,8864.413964184725,0.0005126204569767857,False,True,53,193,504,10000,0.27,0.055,10,0.74.1,https://mapdl.docs.pyansys.com/version/stable/examples/gallery_examples/00-mapdl-examples/lathe_cutter.html,evidence/cases/advanced_20261008_global_285_h2,9848.07753012208,,0.3154023999813944,solved,global_285,0.0028,"{'length': 'in', 'stress': 'psi'}",7449.254183103729,10000000.0
advanced_20261008_global_285_h3,True,SOLID285,3348,5.461280199990142,3224b465091948b2f9bd2d3bd41f8564f0c313fa5ac38920481f17551fa39553,0.02,202,26.1,7164.462396345789,9553.084532558421,0.000546265141426993,False,True,222,565,947,10000,0.27,0.055,10,0.74.1,https://mapdl.docs.pyansys.com/version/stable/examples/gallery_examples/00-mapdl-examples/lathe_cutter.html,evidence/cases/advanced_20261008_global_285_h3,9848.07753012208,,0.43921720003709197,solved,global_285,0.002,"{'length': 'in', 'stress': 'psi'}",7956.2458871260915,10000000.0
advanced_20261008_global_285_h4,True,SOLID285,8397,5.861665499978699,3224b465091948b2f9bd2d3bd41f8564f0c313fa5ac38920481f17551fa39553,0.014,365,26.1,7504.316975374196,9536.27215194891,0.0005729530768164026,False,True,54,523,2085,10000,0.27,0.055,10,0.74.1,https://mapdl.docs.pyansys.com/version/stable/examples/gallery_examples/00-mapdl-examples/lathe_cutter.html,evidence/cases/advanced_20261008_global_285_h4,9848.07753012208,,0.7941493000253104,solved,global_285,0.0014,"{'length': 'in', 'stress': 'psi'}",8014.466431855623,10000000.0
advanced_20261008_global_285_h5,True,SOLID285,22214,7.50661039998522,3224b465091948b2f9bd2d3bd41f8564f0c313fa5ac38920481f17551fa39553,0.01,672,26.1,8766.300189653697,9665.527343032527,0.0005914214331940104,False,True,73,900,4955,10000,0.27,0.055,10,0.74.1,https://mapdl.docs.pyansys.com/version/stable/examples/gallery_examples/00-mapdl-examples/lathe_cutter.html,evidence/cases/advanced_20261008_global_285_h5,9848.07753012208,,1.8008011000347324,solved,global_285,0.001,"{'length': 'in', 'stress': 'psi'}",8017.2727585982575,10000000.0
advanced_20261008_linear_verification_baseline_linear,True,SOLID285,4863,5.5757683999836445,3224b465091948b2f9bd2d3bd41f8564f0c313fa5ac38920481f17551fa39553,,119,26.1,7174.601833973523,9153.46012399428,0.0005272866229108596,True,False,419,716,1248,10000,0.27,0.055,10,0.74.1,https://mapdl.docs.pyansys.com/version/stable/examples/gallery_examples/00-mapdl-examples/lathe_cutter.html,evidence/cases/advanced_20261008_linear_verification_baseline_linear,9848.07753012208,completed linear load step plus readable finite results,0.35875499999383464,solved,linear_verification,0.0025,"{'length': 'in', 'stress': 'psi'}",6566.98274588931,10000000.0
advanced_20261008_linear_verification_working_linear,True,SOLID187,22199,7.688947100017685,3224b465091948b2f9bd2d3bd41f8564f0c313fa5ac38920481f17551fa39553,0.01,2555,26.1,15860.690101150383,13340.696947322222,0.0006246524894358853,False,False,144,144,34461,10000,0.27,0.055,81,0.74.1,https://mapdl.docs.pyansys.com/version/stable/examples/gallery_examples/00-mapdl-examples/lathe_cutter.html,evidence/cases/advanced_20261008_linear_verification_working_linear,10000.0,completed linear load step plus readable finite results,2.055185800010804,solved,linear_verification,0.001,"{'length': 'in', 'stress': 'psi'}",4090.3944036210205,10000000.0
advanced_20261008_load_p5000,True,SOLID187,22199,9.61296569998376,3224b465091948b2f9bd2d3bd41f8564f0c313fa5ac38920481f17551fa39553,0.01,2555,26.1,7924.243451494313,6665.391840182825,0.0003124058331759703,False,True,144,144,34461,5000.0,0.27,0.055,81,0.74.1,https://mapdl.docs.pyansys.com/version/stable/examples/gallery_examples/00-mapdl-examples/lathe_cutter.html,evidence/cases/advanced_20261008_load_p5000,5000.0,nonlinear CNVG plus finite results,3.8744797999970615,solved,load,0.001,"{'length': 'in', 'stress': 'psi'}",2044.5403298362046,10000000.0
advanced_20261008_load_p7500,True,SOLID187,22199,9.60513710003579,3224b465091948b2f9bd2d3bd41f8564f0c313fa5ac38920481f17551fa39553,0.01,2555,26.1,11881.973036939276,9994.52902507419,0.0004686775780967241,False,True,144,144,34461,7500.0,0.27,0.055,81,0.74.1,https://mapdl.docs.pyansys.com/version/stable/examples/gallery_examples/00-mapdl-examples/lathe_cutter.html,evidence/cases/advanced_20261008_load_p7500,7500.0,nonlinear CNVG plus finite results,3.905285199987702,solved,load,0.001,"{'length': 'in', 'stress': 'psi'}",3068.0716680933415,10000000.0
advanced_20261008_load_p10000,True,SOLID187,22199,9.59569080005167,3224b465091948b2f9bd2d3bd41f8564f0c313fa5ac38920481f17551fa39553,0.01,2555,26.1,15836.938165172662,13321.43489935538,0.000625003325001489,False,True,144,144,34461,10000.0,0.27,0.055,81,0.74.1,https://mapdl.docs.pyansys.com/version/stable/examples/gallery_examples/00-mapdl-examples/lathe_cutter.html,evidence/cases/advanced_20261008_load_p10000,10000.0,nonlinear CNVG plus finite results,3.97905520000495,solved,load,0.001,"{'length': 'in', 'stress': 'psi'}",4093.1194604174216,10000000.0
advanced_20261008_load_p12500,True,SOLID187,22199,9.593494399974588,3224b465091948b2f9bd2d3bd41f8564f0c313fa5ac38920481f17551fa39553,0.01,2555,26.1,19789.261781165285,16646.21546950253,0.0007813891593883063,False,True,144,144,34461,12500.0,0.27,0.055,81,0.74.1,https://mapdl.docs.pyansys.com/version/stable/examples/gallery_examples/00-mapdl-examples/lathe_cutter.html,evidence/cases/advanced_20261008_load_p12500,12500.0,nonlinear CNVG plus finite results,3.902256999979727,solved,load,0.001,"{'length': 'in', 'stress': 'psi'}",5118.281131065573,10000000.0
advanced_20261008_load_p15000,True,SOLID187,22199,9.585458000015933,3224b465091948b2f9bd2d3bd41f8564f0c313fa5ac38920481f17551fa39553,0.01,2555,26.1,23739.065435239376,19968.975418405236,0.000937841168298014,False,True,144,144,34461,15000.0,0.27,0.055,81,0.74.1,https://mapdl.docs.pyansys.com/version/stable/examples/gallery_examples/00-mapdl-examples/lathe_cutter.html,evidence/cases/advanced_20261008_load_p15000,15000.0,nonlinear CNVG plus finite results,3.912389900011476,solved,load,0.001,"{'length': 'in', 'stress': 'psi'}",6142.5432248884545,10000000.0
advanced_20261008_local_mesh_h1,True,SOLID285,4455,5.5737708999658935,3224b465091948b2f9bd2d3bd41f8564f0c313fa5ac38920481f17551fa39553,,39,26.1,6706.0622198238925,8450.998012650205,0.0005214356191655973,False,True,81,446,1113,10000,0.27,0.055,10,0.74.1,https://mapdl.docs.pyansys.com/version/stable/examples/gallery_examples/00-mapdl-examples/lathe_cutter.html,evidence/cases/advanced_20261008_local_mesh_h1,9848.07753012208,,0.5169566000113264,solved,local_mesh,0.005,"{'length': 'in', 'stress': 'psi'}",5367.7432955157155,10000000.0
advanced_20261008_local_mesh_h2,True,SOLID285,4649,5.500231000012718,3224b465091948b2f9bd2d3bd41f8564f0c313fa5ac38920481f17551fa39553,,72,26.1,6495.168696721264,8815.42775095926,0.0005256101851388689,False,True,416,469,1175,10000,0.27,0.055,10,0.74.1,https://mapdl.docs.pyansys.com/version/stable/examples/gallery_examples/00-mapdl-examples/lathe_cutter.html,evidence/cases/advanced_20261008_local_mesh_h2,9848.07753012208,,0.537294500041753,solved,local_mesh,0.0035,"{'length': 'in', 'stress': 'psi'}",5752.920450852965,10000000.0
advanced_20261008_local_mesh_h3,True,SOLID285,4863,5.509096199995838,3224b465091948b2f9bd2d3bd41f8564f0c313fa5ac38920481f17551fa39553,,119,26.1,7172.282031267323,9152.575067735645,0.0005275722315807191,False,True,419,716,1248,10000,0.27,0.055,10,0.74.1,https://mapdl.docs.pyansys.com/version/stable/examples/gallery_examples/00-mapdl-examples/lathe_cutter.html,evidence/cases/advanced_20261008_local_mesh_h3,9848.07753012208,,0.5384017000324093,solved,local_mesh,0.0025,"{'length': 'in', 'stress': 'psi'}",6565.351110807919,10000000.0
advanced_20261008_local_mesh_h4,True,SOLID285,5342,5.622075200022664,3224b465091948b2f9bd2d3bd41f8564f0c313fa5ac38920481f17551fa39553,,219,26.1,6502.020192519447,9085.663725948469,0.000526577671479408,False,True,86,538,1400,10000,0.27,0.055,10,0.74.1,https://mapdl.docs.pyansys.com/version/stable/examples/gallery_examples/00-mapdl-examples/lathe_cutter.html,evidence/cases/advanced_20261008_local_mesh_h4,9848.07753012208,,0.5876660000067204,solved,local_mesh,0.0018,"{'length': 'in', 'stress': 'psi'}",7416.8495036367685,10000000.0
advanced_20261008_material_E1,True,SOLID187,22199,9.57703849999234,3224b465091948b2f9bd2d3bd41f8564f0c313fa5ac38920481f17551fa39553,0.01,2555,26.1,15831.409084009274,13316.972045862407,0.0007813891593883074,False,True,144,144,34461,10000,0.27,0.055,81,0.74.1,https://mapdl.docs.pyansys.com/version/stable/examples/gallery_examples/00-mapdl-examples/lathe_cutter.html,evidence/cases/advanced_20261008_material_E1,10000.0,nonlinear CNVG plus finite results,3.8981567999580875,solved,material,0.001,"{'length': 'in', 'stress': 'psi'}",4094.624952406871,8000000.0
advanced_20261008_material_E2,True,SOLID187,22199,9.598978399997577,3224b465091948b2f9bd2d3bd41f8564f0c313fa5ac38920481f17551fa39553,0.01,2555,26.1,15836.938165172662,13321.43489935538,0.0006250033250014891,False,True,144,144,34461,10000,0.27,0.055,81,0.74.1,https://mapdl.docs.pyansys.com/version/stable/examples/gallery_examples/00-mapdl-examples/lathe_cutter.html,evidence/cases/advanced_20261008_material_E2,10000.0,nonlinear CNVG plus finite results,3.9789878000156023,solved,material,0.001,"{'length': 'in', 'stress': 'psi'}",4093.1194604174216,10000000.0
advanced_20261008_material_E3,True,SOLID187,22199,9.58628679998219,3224b465091948b2f9bd2d3bd41f8564f0c313fa5ac38920481f17551fa39553,0.01,2555,26.1,15840.715249557366,13324.48863332138,0.0005207798596640531,False,True,144,144,34461,10000,0.27,0.055,81,0.74.1,https://mapdl.docs.pyansys.com/version/stable/examples/gallery_examples/00-mapdl-examples/lathe_cutter.html,evidence/cases/advanced_20261008_material_E3,10000.0,nonlinear CNVG plus finite results,3.970303400012199,solved,material,0.001,"{'length': 'in', 'stress': 'psi'}",4091.6076819281607,12000000.0
advanced_20261008_table_n10,True,SOLID187,22199,9.957846699981019,3224b465091948b2f9bd2d3bd41f8564f0c313fa5ac38920481f17551fa39553,0.01,2555,26.1,15678.071513867286,13187.794960125391,0.0006187081557006276,False,True,144,144,34461,10000,0.27,0.055,10,0.74.1,https://mapdl.docs.pyansys.com/version/stable/examples/gallery_examples/00-mapdl-examples/lathe_cutter.html,evidence/cases/advanced_20261008_table_n10,9848.07753012208,nonlinear CNVG plus finite results,4.023454500013031,solved,table,0.001,"{'length': 'in', 'stress': 'psi'}",4046.770803560398,10000000.0
advanced_20261008_table_n21,True,SOLID187,22199,9.659062099992298,3224b465091948b2f9bd2d3bd41f8564f0c313fa5ac38920481f17551fa39553,0.01,2555,26.1,15806.429482927622,13295.770755257572,0.0006237963050689675,False,True,144,144,34461,10000,0.27,0.055,21,0.74.1,https://mapdl.docs.pyansys.com/version/stable/examples/gallery_examples/00-mapdl-examples/lathe_cutter.html,evidence/cases/advanced_20261008_table_n21,10000.0,nonlinear CNVG plus finite results,3.816747300035786,solved,table,0.001,"{'length': 'in', 'stress': 'psi'}",4085.395350140013,10000000.0
advanced_20261008_table_n41,True,SOLID187,22199,9.65765609999653,3224b465091948b2f9bd2d3bd41f8564f0c313fa5ac38920481f17551fa39553,0.01,2555,26.1,15830.832234534157,13316.298583795957,0.0006247618376520977,False,True,144,144,34461,10000,0.27,0.055,41,0.74.1,https://mapdl.docs.pyansys.com/version/stable/examples/gallery_examples/00-mapdl-examples/lathe_cutter.html,evidence/cases/advanced_20261008_table_n41,10000.0,nonlinear CNVG plus finite results,3.797378999995999,solved,table,0.001,"{'length': 'in', 'stress': 'psi'}",4091.3301227905094,10000000.0
advanced_20261008_table_n81,True,SOLID187,22199,9.6460954999784,3224b465091948b2f9bd2d3bd41f8564f0c313fa5ac38920481f17551fa39553,0.01,2555,26.1,15836.938165172662,13321.43489935538,0.0006250033250014889,True,True,144,144,34461,10000,0.27,0.055,81,0.74.1,https://mapdl.docs.pyansys.com/version/stable/examples/gallery_examples/00-mapdl-examples/lathe_cutter.html,evidence/cases/advanced_20261008_table_n81,10000.0,nonlinear CNVG plus finite results,3.8368524000397883,solved,table,0.001,"{'length': 'in', 'stress': 'psi'}",4093.1194604174216,10000000.0
