case,figures_valid,finite,load_step_completed,maxima_match,nodes,study,unique_ids
advanced_20261008_dense_mesh_h4,True,True,True,True,13936,dense_mesh,True
advanced_20261008_dense_mesh_h5,True,True,True,True,34461,dense_mesh,True
advanced_20261008_dense_mesh_h6,True,True,True,True,93841,dense_mesh,True
advanced_20261008_doe_E1p7500,True,True,True,True,34461,doe,True
advanced_20261008_doe_E1p10000,True,True,True,True,34461,doe,True
advanced_20261008_doe_E1p12500,True,True,True,True,34461,doe,True
advanced_20261008_doe_E2p7500,True,True,True,True,34461,doe,True
advanced_20261008_doe_E2p10000,True,True,True,True,34461,doe,True
advanced_20261008_doe_E2p12500,True,True,True,True,34461,doe,True
advanced_20261008_doe_E3p7500,True,True,True,True,34461,doe,True
advanced_20261008_doe_E3p10000,True,True,True,True,34461,doe,True
advanced_20261008_doe_E3p12500,True,True,True,True,34461,doe,True
advanced_20261008_element_285_1,True,True,True,True,1175,element,True
advanced_20261008_element_285_2,True,True,True,True,1248,element,True
advanced_20261008_element_285_3,True,True,True,True,1400,element,True
advanced_20261008_element_187_1,True,True,True,True,4897,element,True
advanced_20261008_element_187_2,True,True,True,True,5402,element,True
advanced_20261008_element_187_3,True,True,True,True,6323,element,True
advanced_20261008_global_187_h1,True,True,True,True,1288,global_187,True
advanced_20261008_global_187_h2,True,True,True,True,3018,global_187,True
advanced_20261008_global_187_h3,True,True,True,True,5913,global_187,True
advanced_20261008_global_187_h4,True,True,True,True,13936,global_187,True
advanced_20261008_global_187_h5,True,True,True,True,34461,global_187,True
advanced_20261008_global_187_h6,True,True,True,True,93841,global_187,True
advanced_20261008_global_285_h1,True,True,True,True,234,global_285,True
advanced_20261008_global_285_h2,True,True,True,True,504,global_285,True
advanced_20261008_global_285_h3,True,True,True,True,947,global_285,True
advanced_20261008_global_285_h4,True,True,True,True,2085,global_285,True
advanced_20261008_global_285_h5,True,True,True,True,4955,global_285,True
advanced_20261008_linear_verification_baseline_linear,True,True,True,True,1248,linear_verification,True
advanced_20261008_linear_verification_working_linear,True,True,True,True,34461,linear_verification,True
advanced_20261008_load_p5000,True,True,True,True,34461,load,True
advanced_20261008_load_p7500,True,True,True,True,34461,load,True
advanced_20261008_load_p10000,True,True,True,True,34461,load,True
advanced_20261008_load_p12500,True,True,True,True,34461,load,True
advanced_20261008_load_p15000,True,True,True,True,34461,load,True
advanced_20261008_local_mesh_h1,True,True,True,True,1113,local_mesh,True
advanced_20261008_local_mesh_h2,True,True,True,True,1175,local_mesh,True
advanced_20261008_local_mesh_h3,True,True,True,True,1248,local_mesh,True
advanced_20261008_local_mesh_h4,True,True,True,True,1400,local_mesh,True
advanced_20261008_material_E1,True,True,True,True,34461,material,True
advanced_20261008_material_E2,True,True,True,True,34461,material,True
advanced_20261008_material_E3,True,True,True,True,34461,material,True
advanced_20261008_table_n10,True,True,True,True,34461,table,True
advanced_20261008_table_n21,True,True,True,True,34461,table,True
advanced_20261008_table_n41,True,True,True,True,34461,table,True
advanced_20261008_table_n81,True,True,True,True,34461,table,True
