case,converged,element,elements,end_to_end_seconds,geometry_sha256,global_size_in,loaded_nodes,mapdl_version,max_s1_psi,max_seqv_psi,max_u_in,nlgeom,node_max_s1,node_max_seqv,nodes,nominal_pressure_peak_psi,poissons_ratio,pressure_length_in,pressure_table_points,pymapdl_version,reference,run_directory,sampled_pressure_peak_psi,solution_validation,solve_pipeline_seconds,status,tip_size_in,units,vm_p95_psi,youngs_modulus_psi
advanced_20261008_doe_E1p7500,True,SOLID187,22199,9.576369900023565,3224b465091948b2f9bd2d3bd41f8564f0c313fa5ac38920481f17551fa39553,0.01,2555,26.1,11878.759838939806,9991.929802380615,0.0005859164927960047,True,144,144,34461,7500.0,0.27,0.055,81,0.74.1,https://mapdl.docs.pyansys.com/version/stable/examples/gallery_examples/00-mapdl-examples/lathe_cutter.html,evidence/cases/advanced_20261008_doe_E1p7500,7500.0,nonlinear CNVG plus finite results,3.9442994999699295,solved,0.001,"{'length': 'in', 'stress': 'psi'}",3069.5051634346723,8000000.0
advanced_20261008_doe_E1p10000,True,SOLID187,22199,9.658497099997476,3224b465091948b2f9bd2d3bd41f8564f0c313fa5ac38920481f17551fa39553,0.01,2555,26.1,15831.409084009274,13316.972045862407,0.0007813891593883074,True,144,144,34461,10000.0,0.27,0.055,81,0.74.1,https://mapdl.docs.pyansys.com/version/stable/examples/gallery_examples/00-mapdl-examples/lathe_cutter.html,evidence/cases/advanced_20261008_doe_E1p10000,10000.0,nonlinear CNVG plus finite results,3.972076899954118,solved,0.001,"{'length': 'in', 'stress': 'psi'}",4094.624952406871,8000000.0
advanced_20261008_doe_E1p12500,True,SOLID187,22199,9.620681899948977,3224b465091948b2f9bd2d3bd41f8564f0c313fa5ac38920481f17551fa39553,0.01,2555,26.1,19780.90941121324,16639.48945730318,0.0009769652239641495,True,144,144,34461,12500.0,0.27,0.055,81,0.74.1,https://mapdl.docs.pyansys.com/version/stable/examples/gallery_examples/00-mapdl-examples/lathe_cutter.html,evidence/cases/advanced_20261008_doe_E1p12500,12500.0,nonlinear CNVG plus finite results,4.014852299995255,solved,0.001,"{'length': 'in', 'stress': 'psi'}",5118.907716310056,8000000.0
advanced_20261008_doe_E2p7500,True,SOLID187,22199,9.583270300005097,3224b465091948b2f9bd2d3bd41f8564f0c313fa5ac38920481f17551fa39553,0.01,2555,26.1,11881.973036939276,9994.52902507419,0.00046867757809672346,True,144,144,34461,7500.0,0.27,0.055,81,0.74.1,https://mapdl.docs.pyansys.com/version/stable/examples/gallery_examples/00-mapdl-examples/lathe_cutter.html,evidence/cases/advanced_20261008_doe_E2p7500,7500.0,nonlinear CNVG plus finite results,3.9186945000546984,solved,0.001,"{'length': 'in', 'stress': 'psi'}",3068.0716680933415,10000000.0
advanced_20261008_doe_E2p10000,True,SOLID187,22199,9.641361799964216,3224b465091948b2f9bd2d3bd41f8564f0c313fa5ac38920481f17551fa39553,0.01,2555,26.1,15836.938165172662,13321.43489935538,0.0006250033250014886,True,144,144,34461,10000.0,0.27,0.055,81,0.74.1,https://mapdl.docs.pyansys.com/version/stable/examples/gallery_examples/00-mapdl-examples/lathe_cutter.html,evidence/cases/advanced_20261008_doe_E2p10000,10000.0,nonlinear CNVG plus finite results,3.9797925999737345,solved,0.001,"{'length': 'in', 'stress': 'psi'}",4093.1194604174216,10000000.0
advanced_20261008_doe_E2p12500,True,SOLID187,22199,9.614188599982299,3224b465091948b2f9bd2d3bd41f8564f0c313fa5ac38920481f17551fa39553,0.01,2555,26.1,19789.261781165285,16646.21546950253,0.0007813891593883071,True,144,144,34461,12500.0,0.27,0.055,81,0.74.1,https://mapdl.docs.pyansys.com/version/stable/examples/gallery_examples/00-mapdl-examples/lathe_cutter.html,evidence/cases/advanced_20261008_doe_E2p12500,12500.0,nonlinear CNVG plus finite results,3.9466176999849267,solved,0.001,"{'length': 'in', 'stress': 'psi'}",5118.281131065573,10000000.0
advanced_20261008_doe_E3p7500,True,SOLID187,22199,9.62113089999184,3224b465091948b2f9bd2d3bd41f8564f0c313fa5ac38920481f17551fa39553,0.01,2555,26.1,11884.153635093066,9996.295028937666,0.00039053533573954214,True,144,144,34461,7500.0,0.27,0.055,81,0.74.1,https://mapdl.docs.pyansys.com/version/stable/examples/gallery_examples/00-mapdl-examples/lathe_cutter.html,evidence/cases/advanced_20261008_doe_E3p7500,7500.0,nonlinear CNVG plus finite results,3.953237399982754,solved,0.001,"{'length': 'in', 'stress': 'psi'}",3067.1294657957874,12000000.0
advanced_20261008_doe_E3p10000,True,SOLID187,22199,9.660990000003949,3224b465091948b2f9bd2d3bd41f8564f0c313fa5ac38920481f17551fa39553,0.01,2555,26.1,15840.715249557366,13324.48863332138,0.0005207798596640529,True,144,144,34461,10000.0,0.27,0.055,81,0.74.1,https://mapdl.docs.pyansys.com/version/stable/examples/gallery_examples/00-mapdl-examples/lathe_cutter.html,evidence/cases/advanced_20261008_doe_E3p10000,10000.0,nonlinear CNVG plus finite results,4.034637700009625,solved,0.001,"{'length': 'in', 'stress': 'psi'}",4091.6076819281607,12000000.0
advanced_20261008_doe_E3p12500,True,SOLID187,22199,9.66108130000066,3224b465091948b2f9bd2d3bd41f8564f0c313fa5ac38920481f17551fa39553,0.01,2555,26.1,19795.007174215192,16650.852134177614,0.0006510632936354531,True,144,144,34461,12500.0,0.27,0.055,81,0.74.1,https://mapdl.docs.pyansys.com/version/stable/examples/gallery_examples/00-mapdl-examples/lathe_cutter.html,evidence/cases/advanced_20261008_doe_E3p12500,12500.0,nonlinear CNVG plus finite results,3.9847241999814287,solved,0.001,"{'length': 'in', 'stress': 'psi'}",5116.495090644359,12000000.0
